{"cameraMode":{"drawMode":0,"name":"Shaded","section":"Shading Mode"},"sceneLighting":true,"audioPlay":false,"sceneViewState":{"showFog":true,"showMaterialUpdate":false,"showSkybox":true,"showFlares":true,"showImageEffects":true,"showParticleSystems":true},"in2DMode":false,"pivot":{"x":-190.14144897460938,"y":24.986536026000978,"z":-10.103083610534668},"rotation":{"x":-0.20704114437103272,"y":0.04929546266794205,"z":-0.010445568710565567,"w":-0.9770337343215942},"size":97.49215698242188,"orthographic":false}